Workbook

Sheet 문항카드 생성
C2: 2026 | D2: 학년도 | G2: 정답분포 | I2: 범위
C3: 3 | D3: 회고사
C4: 문항 카드 작성 | G4: ① | H4: =COUNTIF($H$11:$H$1048576,1) -> 0 | I4: 시공간과 운동
D5: 상 | E5: 중 | F5: 하 | G5: ② | H5: =COUNTIF($H$11:$H$1048576,2) -> 0
C6: 난이도 | D6: 8 | E6: 8 | F6: 8 | G6: ③ | H6: =COUNTIF($H$11:$H$1048576,3) -> 0 | I6: ~
C7: 현황 | D7: =COUNTIF($F$11:$F$1048576,"상") -> 0 | E7: =COUNTIF($F$11:$F$1048576,"중") -> 0 | F7: =COUNTIF($F$11:$F$1048576,"하") -> 0 | G7: ④ | H7: =COUNTIF($H$11:$H$1048576,4) -> 0
C8: 목표 | D8: =D6+E6+F6 -> 24 | E8: 현황 | F8: =D7+E7+F7 -> 0 | G8: ⑤ | H8: =COUNTIF($H$11:$H$1048576,5) -> 0 | N8: 배점 합 | O8: =SUM(O11:O34) -> 100
B10: 번호 | C10: 성취기준 코드 | D10: 성취기준명 | E10: 성취기준 해설 | F10: 난이도 | G10: 문항 유형 | H10: 답 | I10: 문항 핵심 아이디어 | J10: [문두] | K10: [자료] | L10: [발문] | M10: [보기] | N10: [답지] | O10: 배점 | P10: 예상 난도(교정) | Q10: 예상 변별도(교정) | R10: 기존 번호
B11: 1 | D11: =IF(VLOOKUP(C11,'성취기준(22개정)'!$C$3:$E$507,2,0)=0,"",VLOOKUP(C11,'성취기준(22개정)'!$C$3:$E$507,2,0)) -> #N/A | E11: =IF(VLOOKUP(C11,'성취기준(22개정)'!$C$3:$E$507,3,0)=0,"",VLOOKUP(C11,'성취기준(22개정)'!$C$3:$E$507,3,0)) -> #N/A | O11: 3.2
B12: 2 | D12: =IF(VLOOKUP(C12,'성취기준(22개정)'!$C$3:$E$507,2,0)=0,"",VLOOKUP(C12,'성취기준(22개정)'!$C$3:$E$507,2,0)) -> #N/A | E12: =IF(VLOOKUP(C12,'성취기준(22개정)'!$C$3:$E$507,3,0)=0,"",VLOOKUP(C12,'성취기준(22개정)'!$C$3:$E$507,3,0)) -> #N/A | O12: 3.3
B13: 3 | D13: =IF(VLOOKUP(C13,'성취기준(22개정)'!$C$3:$E$507,2,0)=0,"",VLOOKUP(C13,'성취기준(22개정)'!$C$3:$E$507,2,0)) -> #N/A | E13: =IF(VLOOKUP(C13,'성취기준(22개정)'!$C$3:$E$507,3,0)=0,"",VLOOKUP(C13,'성취기준(22개정)'!$C$3:$E$507,3,0)) -> #N/A | O13: 3.4
B14: 4 | D14: =IF(VLOOKUP(C14,'성취기준(22개정)'!$C$3:$E$507,2,0)=0,"",VLOOKUP(C14,'성취기준(22개정)'!$C$3:$E$507,2,0)) -> #N/A | E14: =IF(VLOOKUP(C14,'성취기준(22개정)'!$C$3:$E$507,3,0)=0,"",VLOOKUP(C14,'성취기준(22개정)'!$C$3:$E$507,3,0)) -> #N/A | O14: 3.5
B15: 5 | D15: =IF(VLOOKUP(C15,'성취기준(22개정)'!$C$3:$E$507,2,0)=0,"",VLOOKUP(C15,'성취기준(22개정)'!$C$3:$E$507,2,0)) -> #N/A | E15: =IF(VLOOKUP(C15,'성취기준(22개정)'!$C$3:$E$507,3,0)=0,"",VLOOKUP(C15,'성취기준(22개정)'!$C$3:$E$507,3,0)) -> #N/A | O15: 3.6
B16: 6 | D16: =IF(VLOOKUP(C16,'성취기준(22개정)'!$C$3:$E$507,2,0)=0,"",VLOOKUP(C16,'성취기준(22개정)'!$C$3:$E$507,2,0)) -> #N/A | E16: =IF(VLOOKUP(C16,'성취기준(22개정)'!$C$3:$E$507,3,0)=0,"",VLOOKUP(C16,'성취기준(22개정)'!$C$3:$E$507,3,0)) -> #N/A | O16: 3.6
B17: 7 | D17: =IF(VLOOKUP(C17,'성취기준(22개정)'!$C$3:$E$507,2,0)=0,"",VLOOKUP(C17,'성취기준(22개정)'!$C$3:$E$507,2,0)) -> #N/A | E17: =IF(VLOOKUP(C17,'성취기준(22개정)'!$C$3:$E$507,3,0)=0,"",VLOOKUP(C17,'성취기준(22개정)'!$C$3:$E$507,3,0)) -> #N/A | O17: 3.7
B18: 8 | D18: =IF(VLOOKUP(C18,'성취기준(22개정)'!$C$3:$E$507,2,0)=0,"",VLOOKUP(C18,'성취기준(22개정)'!$C$3:$E$507,2,0)) -> #N/A | E18: =IF(VLOOKUP(C18,'성취기준(22개정)'!$C$3:$E$507,3,0)=0,"",VLOOKUP(C18,'성취기준(22개정)'!$C$3:$E$507,3,0)) -> #N/A | O18: 3.8
B19: 9 | D19: =IF(VLOOKUP(C19,'성취기준(22개정)'!$C$3:$E$507,2,0)=0,"",VLOOKUP(C19,'성취기준(22개정)'!$C$3:$E$507,2,0)) -> #N/A | E19: =IF(VLOOKUP(C19,'성취기준(22개정)'!$C$3:$E$507,3,0)=0,"",VLOOKUP(C19,'성취기준(22개정)'!$C$3:$E$507,3,0)) -> #N/A | O19: 3.9
B20: 10 | D20: =IF(VLOOKUP(C20,'성취기준(22개정)'!$C$3:$E$507,2,0)=0,"",VLOOKUP(C20,'성취기준(22개정)'!$C$3:$E$507,2,0)) -> #N/A | E20: =IF(VLOOKUP(C20,'성취기준(22개정)'!$C$3:$E$507,3,0)=0,"",VLOOKUP(C20,'성취기준(22개정)'!$C$3:$E$507,3,0)) -> #N/A | O20: 4
B21: 11 | D21: =IF(VLOOKUP(C21,'성취기준(22개정)'!$C$3:$E$507,2,0)=0,"",VLOOKUP(C21,'성취기준(22개정)'!$C$3:$E$507,2,0)) -> #N/A | E21: =IF(VLOOKUP(C21,'성취기준(22개정)'!$C$3:$E$507,3,0)=0,"",VLOOKUP(C21,'성취기준(22개정)'!$C$3:$E$507,3,0)) -> #N/A | O21: 4.1
B22: 12 | D22: =IF(VLOOKUP(C22,'성취기준(22개정)'!$C$3:$E$507,2,0)=0,"",VLOOKUP(C22,'성취기준(22개정)'!$C$3:$E$507,2,0)) -> #N/A | E22: =IF(VLOOKUP(C22,'성취기준(22개정)'!$C$3:$E$507,3,0)=0,"",VLOOKUP(C22,'성취기준(22개정)'!$C$3:$E$507,3,0)) -> #N/A | O22: 4.2
... B34: 24 | D34: =IF(VLOOKUP(C34,'성취기준(22개정)'!$C$3:$E$507,2,0)=0,"",VLOOKUP(C34,'성취기준(22개정)'!$C$3:$E$507,2,0)) -> #N/A | E34: =IF(VLOOKUP(C34,'성취기준(22개정)'!$C$3:$E$507,3,0)=0,"",VLOOKUP(C34,'성취기준(22개정)'!$C$3:$E$507,3,0)) -> #N/A | O34: 5.1
B35: 25 | D35: =IF(VLOOKUP(C35,'성취기준(22개정)'!$C$3:$E$507,2,0)=0,"",VLOOKUP(C35,'성취기준(22개정)'!$C$3:$E$507,2,0)) -> #N/A | E35: =IF(VLOOKUP(C35,'성취기준(22개정)'!$C$3:$E$507,3,0)=0,"",VLOOKUP(C35,'성취기준(22개정)'!$C$3:$E$507,3,0)) -> #N/A
B36: 26 | D36: =IF(VLOOKUP(C36,'성취기준(22개정)'!$C$3:$E$507,2,0)=0,"",VLOOKUP(C36,'성취기준(22개정)'!$C$3:$E$507,2,0)) -> #N/A | E36: =IF(VLOOKUP(C36,'성취기준(22개정)'!$C$3:$E$507,3,0)=0,"",VLOOKUP(C36,'성취기준(22개정)'!$C$3:$E$507,3,0)) -> #N/A
B37: 27 | D37: =IF(VLOOKUP(C37,'성취기준(22개정)'!$C$3:$E$507,2,0)=0,"",VLOOKUP(C37,'성취기준(22개정)'!$C$3:$E$507,2,0)) -> #N/A | E37: =IF(VLOOKUP(C37,'성취기준(22개정)'!$C$3:$E$507,3,0)=0,"",VLOOKUP(C37,'성취기준(22개정)'!$C$3:$E$507,3,0)) -> #N/A
B38: 28 | D38: =IF(VLOOKUP(C38,'성취기준(22개정)'!$C$3:$E$507,2,0)=0,"",VLOOKUP(C38,'성취기준(22개정)'!$C$3:$E$507,2,0)) -> #N/A | E38: =IF(VLOOKUP(C38,'성취기준(22개정)'!$C$3:$E$507,3,0)=0,"",VLOOKUP(C38,'성취기준(22개정)'!$C$3:$E$507,3,0)) -> #N/A
B39: 29 | D39: =IF(VLOOKUP(C39,'성취기준(22개정)'!$C$3:$E$507,2,0)=0,"",VLOOKUP(C39,'성취기준(22개정)'!$C$3:$E$507,2,0)) -> #N/A | E39: =IF(VLOOKUP(C39,'성취기준(22개정)'!$C$3:$E$507,3,0)=0,"",VLOOKUP(C39,'성취기준(22개정)'!$C$3:$E$507,3,0)) -> #N/A
B40: 30 | D40: =IF(VLOOKUP(C40,'성취기준(22개정)'!$C$3:$E$507,2,0)=0,"",VLOOKUP(C40,'성취기준(22개정)'!$C$3:$E$507,2,0)) -> #N/A | E40: =IF(VLOOKUP(C40,'성취기준(22개정)'!$C$3:$E$507,3,0)=0,"",VLOOKUP(C40,'성취기준(22개정)'!$C$3:$E$507,3,0)) -> #N/A
B41: 31 | D41: =IF(VLOOKUP(C41,'성취기준(22개정)'!$C$3:$E$507,2,0)=0,"",VLOOKUP(C41,'성취기준(22개정)'!$C$3:$E$507,2,0)) -> #N/A | E41: =IF(VLOOKUP(C41,'성취기준(22개정)'!$C$3:$E$507,3,0)=0,"",VLOOKUP(C41,'성취기준(22개정)'!$C$3:$E$507,3,0)) -> #N/A
B42: 32 | D42: =IF(VLOOKUP(C42,'성취기준(22개정)'!$C$3:$E$507,2,0)=0,"",VLOOKUP(C42,'성취기준(22개정)'!$C$3:$E$507,2,0)) -> #N/A | E42: =IF(VLOOKUP(C42,'성취기준(22개정)'!$C$3:$E$507,3,0)=0,"",VLOOKUP(C42,'성취기준(22개정)'!$C$3:$E$507,3,0)) -> #N/A
B43: 33 | D43: =IF(VLOOKUP(C43,'성취기준(22개정)'!$C$3:$E$507,2,0)=0,"",VLOOKUP(C43,'성취기준(22개정)'!$C$3:$E$507,2,0)) -> #N/A | E43: =IF(VLOOKUP(C43,'성취기준(22개정)'!$C$3:$E$507,3,0)=0,"",VLOOKUP(C43,'성취기준(22개정)'!$C$3:$E$507,3,0)) -> #N/A
B44: 34 | D44: =IF(VLOOKUP(C44,'성취기준(22개정)'!$C$3:$E$507,2,0)=0,"",VLOOKUP(C44,'성취기준(22개정)'!$C$3:$E$507,2,0)) -> #N/A | E44: =IF(VLOOKUP(C44,'성취기준(22개정)'!$C$3:$E$507,3,0)=0,"",VLOOKUP(C44,'성취기준(22개정)'!$C$3:$E$507,3,0)) -> #N/A
B45: 35 | D45: =IF(VLOOKUP(C45,'성취기준(22개정)'!$C$3:$E$507,2,0)=0,"",VLOOKUP(C45,'성취기준(22개정)'!$C$3:$E$507,2,0)) -> #N/A | E45: =IF(VLOOKUP(C45,'성취기준(22개정)'!$C$3:$E$507,3,0)=0,"",VLOOKUP(C45,'성취기준(22개정)'!$C$3:$E$507,3,0)) -> #N/A
B46: 36 | D46: =IF(VLOOKUP(C46,'성취기준(22개정)'!$C$3:$E$507,2,0)=0,"",VLOOKUP(C46,'성취기준(22개정)'!$C$3:$E$507,2,0)) -> #N/A | E46: =IF(VLOOKUP(C46,'성취기준(22개정)'!$C$3:$E$507,3,0)=0,"",VLOOKUP(C46,'성취기준(22개정)'!$C$3:$E$507,3,0)) -> #N/A
... B110: 100 | D110: =IF(VLOOKUP(C110,'성취기준(22개정)'!$C$3:$E$507,2,0)=0,"",VLOOKUP(C110,'성취기준(22개정)'!$C$3:$E$507,2,0)) -> #N/A | E110: =IF(VLOOKUP(C110,'성취기준(22개정)'!$C$3:$E$507,3,0)=0,"",VLOOKUP(C110,'성취기준(22개정)'!$C$3:$E$507,3,0)) -> #N/A

Sheet 성취기준(22개정)
B2: 연번 | C2: 성취기준 코드 | D2: 성취기준명 | E2: 성취기준 해설
B3: 1 | C3: [9과01-01] | D3: 과학적 탐구 방법을 이해하고, 일상생활의 문제에 대한 과학적 해결 방안을 제안할 수 있다. | E3: 간단한 탐구 실험을 제시하여 탐구 절차 및 방법을 익히도록 하며, 학생이 스스로 발견한 문제를 일정 기간 동안 지속적으로 탐구하여 해결해 보는 기회를 제공할 수 있다.
B4: 2 | C4: [9과01-02] | D4: 과학의 발전이 인류 문명에 미친 영향을 이해하고, 인공지능 등 첨단 과학기술이 가져올 미래 사회의 변화를 조사하여 발표할 수 있다. | E4: 과학적 탐구 방법을 통해 얻은 과학 지식과 방법이 인류 문명과 문화 발달에 미친 영향을 중심으로 학습하고, 원리보다는 활용 측면에서 첨단 과학기술 사례를 함께 다룬다.
B5: 3 | C5: [9과01-03] | D5: 인류의 지속가능한 삶을 위한 과학기술의 중요성과 역할에 대해 토의하고, 개인과 사회 차원의 활동 방안을 찾아 실천할 수 있다.
B6: 4 | C6: [9과02-01] | D6: 세포는 생명 활동이 일어나는 기본 단위임을 이해하고, 세포의 구조와 기능의 관계를 추론할 수 있다. | E6: 세포의 구조는 세포벽, 세포막, 핵, 엽록체, 미토콘드리아를, 세포의 특징으로는 생명 활동을 유추할 수 있는 세포(적혈구, 신경세포, 상피세포 등)를 다룬다.
B7: 5 | C7: [9과02-02] | D7: 생물의 유기적 구성 단계를 이해하고, 동물과 식물을 비교하여 분석할 수 있다. | E7: 분광기를 활용하여 수소의 선스펙트럼을 관찰하고 이를 우주 전역의 선스펙트럼을 관찰한 결과 자료와 비교함으로써 우주 진화 초기에 만들어진 수소와 헬륨이 현재 우주의 주요 구성 원소임을 파악하게 한다.
B8: 6 | C8: [9과02-03] | D8: 생물다양성을 이해하고, 변이와 생물다양성의 관계를 추론할 수 있다. | E8: 별의 진화 과정에서 별 내부의 핵융합을 통해 탄소, 질소, 산소가 생성되는 것을 정성적으로 다루고, 초신성 폭발의 결과로 철보다 무거운 원소가 만들어짐을 다룬다.
B9: 7 | C9: [9과02-04] | D9: 종의 개념과 분류 체계를 이해하고, 생물을 계 수준에서 분류할 수 있다. | E9: 종은 생물학적 종 개념만을, 생물 분류 체계는 5계만을 다루도록 한다.
B10: 8 | C10: [9과02-05] | D10: 생물다양성 보전의 필요성을 이해하고, 생물다양성 유지를 위한 방안을 조사하고 실천할 수 있다. | E10: 각 화학 결합으로 나타나는 성질은 전기 전도성에 한정하여 다룬다.
B11: 9 | C11: [9과03-01] | D11: 온도와 열평형 과정을 물질을 구성하는 입자들의 배치나 움직임 등으로 설명할 수 있다. | E11: 온도가 다른 두 물체가 열평형에 도달하는 과정을 시간-온도 그래프 등을 활용하여 설명할 수 있도록 한다.
B12: 10 | C12: [9과03-02] | D12: 열은 전도, 대류, 복사로 전달됨을 알고, 열전달 과정을 모형 등을 사용하여 다양하게 표현할 수 있다. | E12: 열의 이동 방식을 주변 도구나 신체를 이용하여 비유적으로 다양하게 표현하고, 그 차이를 설명할 수 있도록 한다.
B13: 11 | C13: [9과03-03] | D13: 물질에 따라 비열과 열팽창 정도가 다름을 알고, 이러한 성질이 일상생활에서 유용하게 활용됨을 인식할 수 있다. | E13: 지구시스템을 구성하는 권역들의 성층구조를 파악하게 한다. 기권, 수권 등 각 권역이 상호작용하는 과정의 에너지 흐름과 물질 순환으로 인해 지표의 변화, 날씨의 변화 등과 같은 여러 가지 과학적 현상이 일어남을 다룬다.
B14: 12 | C14: [9과04-01] | D14: 확산 및 증발 현상을 관찰하여 물질을 구성하는 입자가 운동하고 있음을 추론할 수 있다. | E14: 지구시스템을 구성하는 권역들의 성층구조를 파악하게 한다. 기권, 수권 등 각 권역이 상호작용하는 과정의 에너지 흐름과 물질 순환으로 인해 지표의 변화, 날씨의 변화 등과 같은 여러 가지 과학적 현상이 일어남을 다룬다.
B15: 13 | C15: [9과04-02] | D15: 물질의 세 가지 상태의 특징을 설명하고, 이를 입자 모형으로 표현할 수 있다. | E15: 물질의 상태를 나타내는 입자 모형은 입자 사이의 상대적 거리, 입자 배열의 불규칙한 정도, 입자의 운동성 등을 비교한 내용을 포함한다.
B16: 14 | C16: [9과04-03] | D16: 여러 가지 물질의 상태 변화를 관찰하고, 이를 입자 모형으로 설명할 수 있다. | E16: 여러 가지 물질의 상태 변화를 관찰하여 융해, 응고, 기화, 액화, 승화를 구분하고, 물질의 상태가 변할 때 부피는 변하고 질량과 물질의 성질은 변하지 않는 이유를 입자 모형으로 설명한다.
B17: 15 | C17: [9과04-04] | D17: 물질의 상태 변화와 열에너지 출입 관계를 이해하고, 이를 실생활에 적용하여 과학의 유용성을 인식할 수 있다. | E17: 물질의 상태 변화 시 온도가 일정한 이유를 상태 변화 과정에서 출입하는 열에너지와 관련지어 설명한다.
... B25: 23 | C25: [9과07-01] | D25: 태양계를 구성하는 천체의 특징을 알고, 행성을 목성형 행성과 지구형 행성으로 구분할 수 있다. | E25: 태양계를 구성하는 천체인 태양, 행성, 왜소행성, 소행성, 위성, 혜성을 개괄적으로 학습하며, 자세한 특징은 다루지 않는다.
B26: 24 | C26: [9과07-02] | D26: 태양의 표면과 대기에서 일어나는 현상을 알고, 태양의 활동이 지구에 미치는 영향을 추론할 수 있다.
B27: 25 | C27: [9과07-03] | D27: 지구 자전에 의한 천체의 겉보기 운동과 지구 공전에 의한 별자리 변화를 이해하고, 밤하늘 천체에 호기심을 가진다. | E27: 관측자의 위치(고위도, 저위도, 중위도)에 따른 일주운동은 다루지 않는다. 지구의 자전과 공전을 우주에서 바라보는 관점으로 설명한다.
B28: 26 | C28: [9과07-04] | D28: 달을 관측하여 달의 위상변화 원리를 이해하고, 일식과 월식을 설명할 수 있다. | E28: 코일을 통과하는 자기장의 세기가 변할 때 유도되는 전류를 관찰하여 전자기 유도 현상을 정성적으로 이해하고, 이를 이용한 간이 발전기를 만들어 발전소에서 전기 에너지를 만드는 방법을 설명한다.
B29: 27 | C29: [9과08-01] | D29: 물질의 특성의 의미를 알고, 실험을 통해 밀도, 용해도, 녹는점, 끓는점 등을 설명할 수 있다. | E29: 물질의 특성은 특정한 조건에서 항상 일정한 값을 가지며 물질의 양에 따라 달라지지 않는 것으로 물질을 구분하는 중요한 정보가 됨을 이해하고, 그 사례로 밀도, 용해도, 녹는점, 끓는점 등이 있음을 다룬다.
B30: 28 | C30: [9과08-02] | D30: 물질의 특성을 근거로 우리 주변의 물질을 순물질과 혼합물로 분류할 수 있다.
B31: 29 | C31: [9과08-03] | D31: 물질의 특성을 이용하여 혼합물이 분리되는 원리를 이해하고, 이를 이용한 사례를 주변에서 찾을 수 있다. | E31: 과학 실험, 기상 관측, 유전체 분석, 신약 개발 등과 같은 분야에서 많은 정보를 디지털 형태로 전환하여 대량의 데이터를 축적할 수 있게 되면서, 일상생활의 다양한 분야에서 폭넓게 활용할 수 있음을 소개한다.
B32: 30 | C32: [9과09-01] | D32: 지구계의 구성 요소를 알고, 지권의 층상 구조와 그 특징을 조사⋅발표할 수 있다. | E32: 지구계의 구성 요소 및 지권을 구성하는 각 층의 명칭과 상태만 다루며, 지구 내부구조 탐사에서 지진파의 특성은 다루지 않는다.
B33: 31 | C33: [9과09-02] | D33: 조암 광물의 주요 특성을 관찰하고, 암석과 광물의 활용 방안 및 자원으로서 가치에 대해 조사할 수 있다. | E33: 광물의 특성은 색, 조흔색, 굳기, 염산 반응, 자성만 다루고, 굳기는 방해석과 석영 정도만 비교하여 제시한다.
B34: 32 | C34: [9과09-03] | D34: 지각을 이루는 암석을 생성 과정에 따라 분류하고, 암석의 순환 과정을 설명할 수 있다. | E34: 지각에 분포하는 다양한 암석 중, 화성암은 현무암, 유문암, 화강암, 반려암을, 퇴적암은 이암, 사암, 역암, 석회암을, 변성암은 편암, 편마암, 대리암, 규암만을 대표적으로 다룬다.
B35: 33 | C35: [9과09-04] | D35: 풍화 과정을 이해하고, 토양 생성 과정을 풍화 작용의 예로 설명할 수 있다. | E35: 과학자들의 꾸준한 노력과 함께 과학자의 우연한 발견 등을 통한 과학 지식 도출과 과학 지식의 잠정성 등 다양한 사례를 통해 과학의 본성을 체험할 기회를 제공하고, 우리 선조들의 과학 기술 발전의 사례도 찾아본다.
B36: 34 | C36: [9과09-05] | D36: 대륙이동설을 이해하고, 지진과 화산이 발생하는 지역의 분포를 판의 경계와 관련지어 설명할 수 있다. | E36: 화산대와 지진대의 분포가 판의 경계와 일치한다는 정도만 다루고, 판의 경계에서 나타나는 다양한 지질학적 특성은 고등학교 ‘지구과학’에서 다룬다.
B37: 35 | C37: [9과10-01] | D37: 빛의 반사와 굴절의 원리를 이해하고, 물체를 보는 과정을 빛의 경로를 이용하여 표현할 수 있다. | E37: 실험을 통해 빛의 반사, 굴절의 특징을 확인하고, 굴절 법칙은 정량적으로 다루지 않는다.
B38: 36 | C38: [9과10-02] | D38: 평면거울에서 상이 생기는 원리를 설명하고, 일상생활에서 사용되는 거울과 렌즈의 종류를 분류하고 상의 특징을 비교할 수 있다. | E38: 상이 생기는 원리는 평면거울에 의한 상만을 빛의 반사 법칙을 적용하여 이해하도록 한다. 다양한 거울과 렌즈에 의해 생기는 상의 위치나 크기를 정량적으로 계산하거나 실상과 허상을 구분하는 활동은 하지 않고, 정성적인 특징을 다양한 예를 통해 비교하도록 한다.
B39: 37 | C39: [9과10-03] | D39: 물체의 색을 빛의 반사와 관련지어 설명하고, 영상 장치에서 빛의 합성을 이용하여 다양한 색이 표현되는 원리를 이해할 수 있다.
B40: 38 | C40: [9과10-04] | D40: 파동의 발생과 전달 과정을 이해하고, 소리의 특성을 진폭, 진동수, 파형 등의 과학적 용어로 표현할 수 있다. | E40: 소리는 파동의 일종으로 매질을 통해 전달됨을 설명하고, 다양한 소리의 파형을 비교하여 파동의 진폭, 진동수, 파장의 개념을 설명하도록 한다. 종파와 횡파를 구분하여 설명하지는 않는다.
B41: 39 | C41: [9과11-01] | D41: 원소와 화합물의 정의를 알고, 원소와 화합물을 화학식으로 표현할 수 있다. | E41: ‘통합과학1’과 ‘통합과학2'에 제시된 일상생활과 관련된 탐구 주제 및 활동을 중심으로 사회적 현상과 이슈에서 문제를 찾고, 연구 윤리와 안전 사항을 준수하여 과학 탐구의 전체 과정을 수행하며, 해결책을 다양한 표상을 통해 산출하도록 한다.
B42: 40 | C42: [9과11-02] | D42: 원소를 구성하는 입자인 원자는 양성자, 중성자, 전자로 구성되며, 양성자의 수에 따라 원소의 종류가 달라짐을 입자 모형을 활용하여 설명할 수 있다. | E42: 질량수나 동위 원소는 다루지 않는다.
B43: 41 | C43: [9과11-03] | D43: 원소는 양성자의 수에 따라 주기율표에 배치됨을 알고, 주기율표에서 성질이 유사한 원소를 찾을 수 있다. | E43: 동족 원소의 유사성은 1족 원소의 물과의 반응성, 18족 원소의 안정성 등 비슷한 성질을 지닌 원소들이 있음을 탐구를 통해 추론하고, 각 반응에 관한 구체적 설명이나 원리 및 원소의 주기성은 다루지 않는다.
B44: 42 | C44: [9과11-04] | D44: 물질을 이루는 입자는 원자, 분자, 이온 등으로 존재할 수 있음을 알고, 이온은 전하를 띠고 있음을 설명할 수 있다. | E44: 이온의 경우 원자가 전기적으로 중성임을 토대로 전자를 잃으면 양이온이 되고, 전자를 얻으면 음이온이 된다는 수준에서 다룬다.
B45: 43 | C45: [9과12-01] | D45: 광합성 과정을 이해하고, 환경 요인과 광합성의 관계를 탐구하는 실험을 설계할 수 있다. | E45: 자원탐사 및 정주 공간 확보를 위한 우주개발 사례 조사 등의 활동을 통해 미래 과학기술의 발전 방향, 과학기술 이용과 관련된 환경정의, 안전 사항을 점검할 기회를 제공한다.
B46: 44 | C46: [9과12-02] | D46: 식물의 호흡과 광합성의 관계를 이해하고, 호흡과 광합성 과정에서 출입하는 에너지와 물질의 변화를 분석할 수 있다. | E46: 일상생활에서 접할 수 있는 다양한 상황에서 돌림힘을 적용하되, 동역학적 상황이나 돌림힘의 기준점이 2개 이상이 되는 등 현실에서 찾기 힘든 복잡한 상황은 다루지 않는다.
B47: 45 | C47: [9과12-03] | D47: 광합성 산물의 저장과 이용 과정을 이해하고, 모형으로 설명할 수 있다. | E47: 광합성 결과 만들어진 산물은 생명 활동에 필요한 에너지원임을 강조하여 다룬다.
B48: 46 | C48: [9과13-01] | D48: 소화계의 구조와 기능을 이해하고, 소화 과정을 소화 효소의 작용과 관련지어 추론할 수 있다. | E48: 소화 기관에서 일어나는 소화 과정은 아밀레이스, 펩신, 트립신, 라이페이스 등 대표적인 몇 가지 소화 효소 중심으로 간단하게 언급한다.
B49: 47 | C49: [9과13-02] | D49: 순환계의 구조와 기능을 이해하고, 혈액의 순환 경로를 종합하여 발표할 수 있다. | E49: 역학적 에너지 보존의 예로 지표 근처의 중력에 의한 위치 에너지와 탄성력에 의한 위치 에너지를 포함한다.
B50: 48 | C50: [9과13-03] | D50: 호흡계의 구조와 기능을 이해하고, 호흡 운동의 원리를 나타내는 모형을 만들 수 있다. | E50: 열역학 과정을 명시적으로 다루지 않고, 열의 형태로 에너지가 전환되면서 발생하는 다양한 현상으로 열전달, 물질의 상태 변화, 기상 현상 등 중학교 과정에서 다룬 내용을 정성적으로 설명한다.
B51: 49 | C51: [9과13-04] | D51: 배설계의 구조와 기능을 이해하고, 노폐물이 배설되는 과정을 모식도로 표현할 수 있다.
B52: 50 | C52: [9과13-05] | D52: 동물이 세포호흡을 통해 에너지를 얻는 과정을 소화, 순환, 호흡, 배설과 관련지어 통합적으로 설명할 수 있다. | E52: 각 기관계의 구조와 기능에 대한 자세한 언급보다는 에너지를 얻기 위한 통합적 관계에 중점을 두고 다룬다.
B53: 51 | C53: [9과14-01] | D53: 마찰 전기, 정전기 유도 현상을 관찰하고, 이를 전기력과 원자 모형을 이용하여 설명할 수 있다. | E53: 저항의 연결에 따른 차이를 설명하는 사례로 가정에서 여러 개의 전기 제품을 병렬연결하여 사용하는 상황 등을 제시하고, 전기 안전과 연관지어 안전한 전기 사용 방안을 도출하도록 한다.
B54: 52 | C54: [9과14-02] | D54: 전기 회로에서 전류를 모형으로 설명하고, 실험을 통해 저항, 전류, 전압 사이의 관계를 이끌어낼 수 있다. | E54: 일상생활에 활용되는 다양한 물질의 저항이 다름을 도체와 부도체의 예를 들어 설명하고, 반도체를 소개한다.
B55: 53 | C55: [9과14-03] | D55: 저항의 직렬연결과 병렬연결의 특징을 비교하고, 일상생활에서 전기 에너지가 다양한 형태의 에너지로 전환됨을 소비 전력과 관련지어 설명할 수 있다. | E55: 저항의 연결에 따른 합성 저항의 정량적인 계산과 혼합 연결은 다루지 않는다. 소비 전력은 정량적인 계산보다는 에너지 전환 관점에서 다루도록 하고, 효율적인 전기 사용의 중요성을 인식하도록 한다.
B56: 54 | C56: [9과14-04] | D56: 자기장 안에 놓인 전류가 흐르는 코일이 받는 힘의 특성을 추리하고, 전동기 등 일상생활에서 활용한 예를 찾을 수 있다. | E56: 코일을 이용하여 전류의 세기와 방향에 따른 자기장의 세기와 방향을 정성적으로 확인하고, 전류가 흐르는 코일과 자석의 상호작용 관점에서 전동기의 원리를 이해하도록 한다.
B57: 55 | C57: [9과15-01] | D57: 연주시차를 이용하여 별까지의 거리를 구할 수 있고, 별의 등급과 밝기의 관계 및 표면 온도와 색의 관계를 설명할 수 있다. | E57: 별까지의 거리를 구하는 방법은 수식을 도입하지 않으며, 연주시차와 겉보기 등급과 절대등급의 개념을 중심으로 다룬다. 별의 표면 온도는 별의 색을 이용하여 비교하는 수준으로만 다룬다.
B58: 56 | C58: [9과15-02] | D58: 우리은하의 구조와 크기를 이해하고, 성운과 성단의 특징을 비교할 수 있다.
B59: 57 | C59: [9과15-03] | D59: 모형을 이용하여 우주가 팽창하고 있음을 설명할 수 있다. | E59: 우주 팽창과 관련된 심화 내용(적색 편이, 허블 법칙, 가속 팽창 등)은 다루지 않는다.
B60: 58 | C60: [9과15-04] | D60: 우주탐사의 의의와 인류에게 미치는 영향을 조사하여 과학의 유용성을 인식할 수 있다.
B61: 59 | C61: [9과16-01] | D61: 물리 변화와 화학 변화의 의미를 알고, 화학 변화에서 새로운 물질이 생성됨을 관찰할 수 있다. | E61: 수소 선스펙트럼 결과를 바탕으로 보어(Bohr)의 수소 원자 모형을 제시하고, 보어 모형의 한계를 언급한다.
B62: 60 | C62: [9과16-02] | D62: 간단한 화학 반응을 화학 반응식으로 표현하고, 화학 반응식에서 계수의 비를 입자 수의 비로 해석할 수 있다. | E62: 반도체 소자의 원리를 설명하는 사례로 p-n 접합과 다이오드를 다룬다.
B63: 61 | C63: [9과16-03] | D63: 화학 반응에서 질량이 보존됨을 실험을 통해 추론할 수 있다. | E63: 화학 반응이 일어날 때 물질을 구성하는 원자의 배열만 변하고, 원자의 종류와 수는 변하지 않음을 강조하여 설명한다.
B64: 62 | C64: [9과16-04] | D64: 화합물을 구성하는 성분 원소의 질량비가 일정함을 실험 자료를 해석하여 설명할 수 있다. | E64: 마찰력, 장력, 수직항력 등 물체에 작용하는 여러 가지 힘은 2차원 평면상에서 작용하는 힘으로만 다루도록 제한하고, 벡터의 합성을 통해 힘의 합력을 구하여 물체의 운동 예측에 활용할 수 있게 한다.
B65: 63 | C65: [9과16-05] | D65: 기체 반응에서 기체 부피 사이의 비가 일정함을 실험 자료를 해석하여 설명할 수 있다.
B66: 64 | C66: [9과16-06] | D66: 화학 반응에서 열에너지가 출입함을 알고, 생활 속 사례를 조사하여 발표할 수 있다.
B67: 65 | C67: [9과17-01] | D67: 지구 대기권을 4개 권역으로 구분하며, 온실효과와 지구온난화를 복사 평형의 관점으로 설명할 수 있다. | E67: 태양과 행성 사이의 중력이 구심력이 됨을 이용하여 케플러 법칙을 설명할 수 있으며, 이러한 과학적 사고가 중력의 존재를 설명하는 데 과학사적으로 활용되었음을 이해하게 한다. 인공위성과 천체의 운동은 원운동에만 한정하여 정량적으로 설명하게 하며, 타원 운동에 대한 정량적인 설명은 도입하지 않는다.
B68: 66 | C68: [9과17-02] | D68: 대기 대순환에서 위도별 바람의 특성을 파악하고, 대기 대순환의 역할을 설명할 수 있다. | E68: 위도별로 지상에서 부는 바람은 북반구를 기준으로 설명하고, 대기 대순환 설명 시 전향력이나 지구가 자전하지 않을 경우는 다루지 않는다.
B69: 67 | C69: [9과17-03] | D69: 상대습도, 단열 팽창 및 응결 현상의 관계를 이해하고, 구름의 생성과 강수 과정을 설명할 수 있다. | E69: 대기 중의 수증기량과 이슬점, 포화 수증기압, 상대습도 등의 관계를 파악하고, 구름의 생성은 모형실험으로 다룬다. 강수 과정은 빙정설과 병합설에 대해 정성적으로 간단하게 설명한다.
B70: 68 | C70: [9과17-04] | D70: 기압, 기단, 전선의 개념을 이해하고, 일기도에서 저기압과 고기압의 분포에 따른 날씨를 해석할 수 있다. | E70: 기압의 개념과 크기 및 지표면의 차등 가열에 따른 온도 차이로 인해 기압의 변화가 생겨서 바람이 분다는 것을 다룬다. 등압선 그리기, 일기 예보의 과정, 일기도 작성은 다루지 않는다.
B71: 69 | C71: [9과18-01] | D71: 수권에서 해수, 담수, 빙하의 분포와 활용 사례를 조사하고, 자원으로서 물의 가치에 대해 토론할 수 있다. | E71: 자원으로서의 물의 가치에서는 지하수의 가치와 활용 방안, 지속가능한 수자원 활용 방안 조사⋅실천 등을 포함하여 다룬다.
B72: 70 | C72: [9과18-02] | D72: 해수의 수온과 염분의 분포 및 변화를 해석하여 해수의 특성을 설명할 수 있다. | E72: 위도에 따른 해수의 연직 수온 분포 차이보다는 우리나라 주변 해역의 계절별 연직 수온 분포를 위주로 다룬다.
B73: 71 | C73: [9과18-03] | D73: 대기 대순환과 해양 표층 순환과의 관계를 이해하고, 기후변화에 영향을 미치는 해류의 역할을 설명할 수 있다. | E73: 해류가 전 지구적인 에너지 재분배를 통하여 기후변화에 미치는 영향을 이해하게 하고, 북태평양의 아열대 순환을 구성하는 해류만을 다룬다.
B74: 72 | C74: [9과19-01] | D74: 직선상에서 움직이는 물체의 운동을 그래프로 나타내고 해석할 수 있다. | E74: 물체의 직선 운동에서 등속 운동과 속력이 일정하게 증가하거나 감소하는 운동을 다루며, 속력이 변하는 경우에는 시간-속력 그래프를 그려서 운동을 분석한다.
B75: 73 | C75: [9과19-02] | D75: 자유 낙하하는 물체의 운동에서 시간에 따른 속력의 변화가 일정함을 분석할 수 있다. | E75: 자유 낙하하는 물체의 운동에서 물체의 종류나 질량에 상관없이 단위 시간당 속력 변화량이 9.8m/s로 일정함을 자료를 분석하여 이끌어내도록 한다.
B76: 74 | C76: [9과19-03] | D76: 일의 정의를 알고, 자유 낙하하는 물체의 운동에서 중력이 한 일을 위치 에너지와 운동 에너지로 표현할 수 있다. | E76: 중력이 한 일은 운동 에너지, 중력에 대해서 한 일은 위치 에너지로 전환됨을 확인한다.
B77: 75 | C77: [9과19-04] | D77: 물체의 운동에서 역학적 에너지의 전환과 보존을 이해하고, 이를 활용하여 일상생활 속 물체의 운동을 예측할 수 있다. | E77: 단진자나 자유 낙하하는 물체 등의 사례에서 역학적 에너지 보존 법칙을 이용해 물체의 운동 상태를 예측할 수 있음을 설명한다.
B78: 76 | C78: [9과20-01] | D78: 감각기관의 구조와 기능을 이해하고, 실험을 통해 자극이 뇌로 전달되는 과정을 추론할 수 있다. | E78: 감각 기관의 구조는 간단히 언급하고, 자극이 감각 기관에서 뇌로 전달되는 과정을 중점적으로 설명한다.
... B80: 78 | C80: [9과20-03] | D80: 우리 몸의 기능 조절에 호르몬이 관여함을 알고, 관련 자료를 조사하여 발표할 수 있다. | E80: 호르몬의 종류는 성장호르몬, 인슐린, 글루카곤, 티록신 정도만 언급하고, 신경계와 호르몬의 작용으로 몸을 최적의 상태로 유지함을 강조하여 설명한다.
B81: 79 | C81: [9과21-01] | D81: 개체의 생장에 세포분열이 필요한 이유를 세포의 표면적과 부피의 관계로 추론할 수 있다.
B82: 80 | C82: [9과21-02] | D82: 염색체와 유전자의 관계를 이해하고, 체세포분열과 생식세포 형성과정의 특징을 염색체 행동을 중심으로 해석할 수 있다. | E82: 체세포분열과 생식 세포 형성 과정은 염색체의 행동을 중심으로 간단하게 다루며, 분열 과정의 단순한 암기보다 분열의 생물학적 의미를 이해하는 데 중점을 둔다.
B83: 81 | C83: [9과21-03] | D83: 수정란으로부터 개체가 발생하는 과정을 모형으로 표현할 수 있다. | E83: 발생 과정은 수정란의 초기 발생에서 난할만을 간단하게 다룬다.
B84: 82 | C84: [9과21-04] | D84: 멘델 유전 실험의 의의와 원리를 이해하고, 멘델 유전 원리가 적용되는 유전 현상을 조사하여 협력적으로 소통할 수 있다.
B85: 83 | C85: [9과21-05] | D85: 사람의 유전 형질과 유전 연구 방법을 알고, 가계도를 분석하여 사람의 유전 현상을 설명할 수 있다.
B86: 84 | C86: [9과22-01] | D86: 재해⋅재난 사례와 관련된 자료를 조사하고, 그 발생 원인과 피해에 대해 과학적으로 분석할 수 있다. | E86: 재해⋅재난에 대한 사례 조사는 감염병 질병 확산, 화학물질 유출, 운송 수단 사고, 지진, 화산, 기상재해 등에서 선택하여 다룬다.
B87: 85 | C87: [9과22-02] | D87: 과학적 원리를 이용하여 재해⋅재난에 대한 대비 및 대처 방안을 세울 수 있다. | E87: 재해⋅재난의 피해를 줄이기 위한 방안을 논의할 때는 사후 대처뿐만 아니라 사전 예방 및 대비를 다룬다.
B88: 86 | C88: [9과23-01] | D88: 과학과 관련된 직업의 종류와 하는 일을 조사하고, 과학기술의 발달로 생기는 미래 사회의 직업 변화를 예상할 수 있다. | E88: 카메라, 망원경, 현미경 등의 광학 기기는 정성적 원리 위주로 다루며, 렌즈, 거울, 프리즘 등이 광학 기기에서 어떻게 활용되며 어떤 원리가 관련되는지를 설명할 수 있도록 지도한다. 수차는 구면수차와 색수차에 대한 용어 도입 없이 정성적으로 다룬다.
B89: 87 | C89: [9과23-02] | D89: 자신의 진로와 관련 있는 과학 분야를 조사하고, 진로 선택을 위하여 필요한 과학 학습을 계획할 수 있다. | E89: 과학과 직접적으로 관련된 직업에서 과학의 역할 뿐만 아니라 기술, 공학, 사회, 예술, 문학 분야 등의 직업에서 필요한 과학 학문을 조사하여, 과학의 중요성과 유용성을 깨닫고 과학 학습 계획을 세우도록 한다.
B90: 88 | C90: [10통과1-01-01] | D90: 자연을 시간과 공간에서 기술할 수 있음을 알고, 길이와 시간 측정의 현대적 방법과 다양한 규모의 측정 사례를 조사할 수 있다. | E90: 원자와 우주를 시간과 공간 차원에서 비교하면서 규모(scale)의 의미와 필요성을 소개하고, 시간과 공간을 측정하려는 과학자들의 노력이 인간의 경험 범위를 얼마나 확장했는지를 설명한다.
B91: 89 | C91: [10통과1-01-02] | D91: 과학 탐구에서 중요한 기본량의 의미를 알고, 자연 현상을 기술하는 데 단위가 가지는 의미와 적용사례를 설명할 수 있다. | E91: 과학의 기본량으로 시간, 길이, 질량, 전류, 온도 등 초⋅중학교 과학 교과에서 이미 학습한 내용을 중심으로 다루며, 부피, 속력, 농도 등과 같은 초⋅중⋅고등학교 과학 교과의 주요 과학 개념들이 이러한 기본량으로부터 도출됨을 설명한다.
B92: 90 | C92: [10통과1-01-03] | D92: 과학 탐구에서 측정과 어림의 의미를 알고, 일상생활의 여러 가지 상황에서 측정 표준의 유용성과 필요성을 논증할 수 있다. | E92: 드브로이 관계식을 바탕으로 단일 전자나 광자 수준의 이중 슬릿 실험에서 나타나는 입자-파동 이중성의 기묘함을 학생들이 인식할 수 있도록 정성적으로 다룬다.
B93: 91 | C93: [10통과1-01-04] | D93: 자연에서 일어나는 다양한 변화를 측정⋅분석하여 정보를 산출함을 알고, 이러한 정보를 디지털로 변환하는 기술을 정보 통신에 활용하여 현대 문명에 미친 영향을 인식한다. | E93: 인간을 둘러싼 자연계의 변화가 전달될 때 신호가 되고, 이를 측정하여 분석할 때 정보가 됨을 다룬다. 센서를 통해 아날로그 형태의 다양한 신호가 전기 신호로 바뀌어 디지털 정보가 됨을 소개하며, 센서의 작동 원리는 다루지 않는다.
B94: 92 | C94: [10통과1-02-01] | D94: 천체에서 방출되는 빛의 스펙트럼을 분석하여 우주 초기에 형성된 원소와 천체의 구성 물질을 추론할 수 있다. | E94: 분광기를 활용하여 수소의 선스펙트럼을 관찰하고 이를 우주 전역의 선스펙트럼을 관찰한 결과 자료와 비교함으로써 우주 진화 초기에 만들어진 수소와 헬륨이 현재 우주의 주요 구성 원소임을 파악하게 한다.
B95: 93 | C95: [10통과1-02-02] | D95: 우주 초기의 원소들로부터 태양계의 재료이면서 생명체를 구성하는 원소들이 형성되는 과정을 통해 지구와 생명의 역사가 우주 역사의 일부분임을 해석할 수 있다. | E95: 별의 진화 과정에서 별 내부의 핵융합을 통해 탄소, 질소, 산소가 생성되는 것을 정성적으로 다루고, 초신성 폭발의 결과로 철보다 무거운 원소가 만들어짐을 다룬다.
B96: 94 | C96: [10통과1-02-03] | D96: 세상을 구성하는 원소들의 성질이 주기성을 나타내는 현상을 통해 자연의 규칙성을 도출하고, 지구와 생명체를 구성하는 주요 원소들이 결합을 형성하는 이유를 해석할 수 있다. | E96: 주기율표의 1족과 17족 원소를 통해 동족 원소는 유사한 화학적 성질을 가진다는 것을 다룬다. 주요 원소들이 화학 결합을 형성하는 이유를 전자껍질 모형을 이용한 전자배치를 통해 안정성을 지닌 원소와 비교하여 설명한다.
B97: 95 | C97: [10통과1-02-04] | D97: 인류의 생존에 필수적인 물, 산소, 소금 등이 만들어지는 결합의 차이를 이해하고 각 물질의 성질과 관련지어 설명할 수 있다. | E97: 각 화학 결합으로 나타나는 성질은 전기 전도성에 한정하여 다룬다.
... B105: 103 | C105: [10통과1-03-06] | D105: 생명 시스템의 유지에 필요한 세포 내 정보의 흐름을 유전자로부터 단백질이 만들어지는 과정을 중심으로 설명할 수 있다. | E105: 전사와 번역을 통해 유전물질로부터 단백질이 만들어지는 과정에 대해 학습하고, 생명 시스템의 유지를 위한 세포 내 정보의 흐름이 체계적으로 구성되어 있음을 이해한다.
B106: 104 | C106: [10통과2-01-01] | D106: 지질시대를 통해 지구 환경이 끊임없이 변화해 왔으며 이러한 환경 변화가 생물다양성에 미치는 영향을 추론할 수 있다.
B107: 105 | C107: [10통과2-01-02] | D107: 변이의 발생과 자연선택 과정을 통해 생물의 진화가 일어나고, 진화의 과정을 통해 생물다양성이 형성되었음을 추론할 수 있다. | E107: 변이의 발생과 자연선택 과정에 대한 모의실험을 수행하고 다윈의 자연선택설을 중심으로 생물의 진화를 학습한다. 생물다양성을 유전적 다양성, 종 다양성, 생태계 다양성으로 설명하고, 생물다양성을 보전하기 위한 구체적인 사례와 실천 방안을 탐색한다.
B108: 106 | C108: [10통과2-01-03] | D108: 자연과 인류의 역사에 큰 변화를 가져온 광합성, 화석 연료 사용, 철의 제련 등에서 공통점을 찾아 산화와 환원을 이해하고, 생활 주변의 다양한 변화를 산화와 환원의 특징과 규칙성으로 분석할 수 있다. | E108: 산화⋅환원 반응을 산소와 전자의 이동으로 설명하되, 산화수는 다루지 않는다.
B109: 107 | C109: [10통과2-01-04] | D109: 대표적인 산⋅염기 물질의 특징을 알고, 산과 염기를 혼합할 때 나타나는 중화 반응을 생활 속에서 이용할 수 있다. | E109: 산⋅염기 정의는 아레니우스 정의만 다루고, 중화 반응 과정에서의 변화는 용액의 온도 변화와 지시약의 색 변화만을 다룬다.
B110: 108 | C110: [10통과2-01-05] | D110: 생활 주변에서 에너지를 흡수하거나 방출하는 현상을 찾아 에너지의 흡수 방출이 우리 생활에 어떻게 이용되는지 토의할 수 있다. | E110: 화학 반응의 열 출입에서 열화학 반응식, 엔탈피를 다루지 않는다.
B111: 109 | C111: [10통과2-02-01] | D111: 생태계 구성요소를 이해하고 생물과 환경 사이의 상호 관계를 설명할 수 있다. | E111: 생태계 구성요소들이 서로 영향을 주고받음을 생물과 환경 사이의 상호 관계를 중심으로 학습한다.
B112: 110 | C112: [10통과2-02-02] | D112: 먹이 관계와 생태 피라미드를 중심으로 생태계 평형이 유지되는 과정을 이해하고, 환경의 변화가 생태계에 미칠 수 있는 영향에 대해 협력적으로 소통할 수 있다.
B113: 111 | C113: [10통과2-02-03] | D113: 온실효과 강화로 인한 지구온난화의 메커니즘을 이해하고, 엘니뇨, 사막화 등과 같은 현상이 지구 환경과 인간 생활에 미치는 영향과 대처 방안을 분석할 수 있다. | E113: 핵발전소 가동 연장이나 자동차의 안전성 논란 등 과학과 관련된 사회적 쟁점의 사례를 조사하여 대중의 과학적 시각과 균형적인 가치 판단이 중요함을 깨닫도록 한다.
B114: 112 | C114: [10통과2-02-04] | D114: 태양에서 수소 핵융합 반응을 통해 질량 일부가 에너지로 바뀌고, 그중 일부가 지구에서 에너지 흐름을 일으키며 다양한 에너지로 전환되는 과정을 추론할 수 있다. | E114: 태양에서 수소가 헬륨으로 핵융합하는 과정에서 질량이 줄어서 태양 에너지가 생성됨을 정성적으로만 다룬다.
B115: 113 | C115: [10통과2-02-05] | D115: 발전기에서 운동 에너지가 전기 에너지로 전환되는 과정을 이해하고, 열원으로서 화석 연료, 핵에너지를 이용하는 발전소가 인간 생활에 미치는 영향을 조사⋅발표할 수 있다. | E115: 코일을 통과하는 자기장의 세기가 변할 때 유도되는 전류를 관찰하여 전자기 유도 현상을 정성적으로 이해하고, 이를 이용한 간이 발전기를 만들어 발전소에서 전기 에너지를 만드는 방법을 설명한다.
B116: 114 | C116: [10통과2-02-06] | D116: 에너지 효율의 의미와 중요성을 이해하고, 지속가능한 발전과 지구 환경 문제 해결에 신재생 에너지 기술을 활용하는 방안을 탐색할 수 있다. | E116: 에너지가 다양한 형태로 존재하고, 에너지가 다른 형태로 전환되는 과정에서 에너지의 총량이 보존됨을 일상생활의 사례 중심으로 설명한다. 에너지가 사용되는 과정에서 열이 발생하며 특히 화석 연료의 사용 과정에서 버려지는 열에너지로 인해 에너지 이용의 효율이 낮아진다는 것을 설명한다.
...
